H,W,Height,Weight
65.78331,112.9925,167.0896074,51.25253587
71.51521,136.4873,181.6486334,61.90959788
69.39874,153.0269,176.2727996,69.41183424
68.2166,142.3354,173.270164,64.56225142
67.78781,144.2971,172.1810374,65.45206357
68.69784,123.3024,174.4925136,55.92902784
69.80204,141.4947,177.2971816,64.18091632
70.01472,136.4623,177.8373888,61.89825807
67.90265,112.3723,172.472731,50.97121788
66.78236,120.6672,169.6271944,54.73372123
66.48769,127.4516,168.8787326,57.8110733
67.62333,114.143,171.7632582,51.77439389
68.30248,125.6107,173.4882992,56.97605511
67.11656,122.4618,170.4760624,55.5477381
68.27967,116.0866,173.4303618,52.65599602
71.0916,139.9975,180.572664,63.50179782
66.461,129.5023,168.81094,58.74125518
68.64927,142.9733,174.3691458,64.85159799
71.23033,137.9025,180.9250382,62.5515218
67.13118,124.0449,170.5131972,56.26582018
67.83379,141.2807,172.2978266,64.08384755
68.87881,143.5392,174.9521774,65.10828592
63.48115,97.90191,161.242121,44.40755938
68.42187,129.5027,173.7915498,58.74143661
67.62804,141.8501,171.7752216,64.34212304
67.20864,129.7244,170.7099456,58.84199804
70.84235,142.4235,179.939569,64.60221291
67.49434,131.5502,171.4356236,59.67016699
66.53401,108.3324,168.9963854,49.13875006
65.44098,113.8922,166.2200892,51.66063292
69.5233,103.3016,176.589182,46.85681757
65.8132,120.7536,167.165528,54.77291161
67.8163,125.7886,172.253402,57.05674919
70.59505,136.2225,179.311427,61.78948662
71.80484,140.1015,182.3842936,63.54897143
69.20613,128.7487,175.7835702,58.39942797
66.80368,141.7994,169.6813472,64.31912591
67.65893,121.2319,171.8536822,54.98986484
67.80701,131.3478,172.2298054,59.5783599
64.04535,106.7115,162.675189,48.40352219
68.57463,124.3598,174.1795602,56.40865641
65.18357,124.8591,165.5662678,56.63513509
69.65814,139.6711,176.9316756,63.35374527
67.96731,137.3696,172.6369674,62.30980243
65.98088,106.4499,167.5914352,48.28486243
68.67249,128.7639,174.4281246,58.40632257
66.88088,145.6837,169.8774352,66.08101475
67.69868,116.819,171.9546472,52.98820707
69.82117,143.6215,177.3457718,65.14561657
69.08817,134.9325,175.4839518,61.20435247
69.91479,147.0219,177.5835666,66.68801206
67.33182,126.3285,171.0228228,57.30164371
70.26939,125.4839,178.4842506,56.9185396
69.10344,115.7084,175.5227376,52.48444738
65.38356,123.4892,166.0742424,56.0137589
70.18447,147.8926,178.2685538,67.08295494
70.40617,155.8987,178.8316718,70.71446081
66.54376,128.0742,169.0211504,58.09347991
66.36418,119.3701,168.5650172,54.14536657
67.537,133.8148,171.54398,60.69737227
66.50418,128.7325,168.9206172,58.39207977
68.99958,137.5453,175.2589332,62.38949861
68.30355,129.7604,173.491017,58.85832737
67.01255,128.824,170.211877,58.43358347
70.80592,135.3165,179.8470368,61.37853194
68.21951,109.6113,173.2775554,49.71884935
69.05914,142.4684,175.4102156,64.62257921
67.73103,132.749,172.0368162,60.21393353
67.21568,103.5275,170.7278272,46.95928409
67.36763,124.7299,171.1137802,56.57653095
65.27033,129.3137,165.7866382,58.65570766
70.84278,134.0175,179.9406612,60.78931545
69.92442,140.3969,177.6080268,63.68296261
64.28508,102.8351,163.2841032,46.64521673
68.2452,128.5214,173.342808,58.29632642
66.35708,120.2991,168.5469832,54.56675388
68.36275,138.6036,173.641385,62.86953541
65.4769,132.9574,166.311326,60.30846218
69.71947,115.6233,177.0874538,52.44584667
67.72554,122.524,172.0228716,55.57595154
68.63941,134.6254,174.3441014,61.06505425
66.78405,121.8986,169.631487,55.29227487
70.05147,155.3767,177.9307338,70.4776856
66.27848,128.9418,168.3473392,58.48701665
69.20198,129.1013,175.7730292,58.55936464
69.13481,139.4733,175.6024174,63.2640247
67.36436,140.8901,171.1054744,63.90667437
70.09297,131.5916,178.0361438,59.68894572
70.1766,121.1232,178.248564,54.94055935
68.22556,131.5127,173.2929224,59.65315728
68.12932,136.5479,173.0484728,61.93708558
70.24256,141.4896,178.4161024,64.17860299
71.48752,140.6104,181.5783008,63.77980458
69.20477,112.1413,175.7801158,50.86643804
70.06306,133.457,177.9601724,60.53507692
70.55703,131.8001,179.2148562,59.78351973
66.28644,120.0285,168.3675576,54.44401178
63.42577,123.0972,161.1014558,55.83595069
66.76711,128.1432,169.5884594,58.12477779
68.88741,115.4759,174.9740214,52.37898716
64.87434,102.0927,164.7808236,46.30846975
67.09272,130.353,170.4155088,59.12712621
68.34761,134.1842,173.6029294,60.86492929
65.61073,98.64133,166.6512542,44.74295465
67.75551,114.5599,172.0989954,51.96349655
68.0212,123.4917,172.773848,56.01489288
67.66193,123.048,171.8613022,55.81363394
66.3146,126.4772,168.439084,57.3690929
69.43706,128.417,176.3701324,58.24897138
63.83624,127.1941,162.1440496,57.69427327
67.72277,122.0562,172.0158358,55.36376103
70.05098,127.6064,177.9294892,57.8812894
70.18602,131.6423,178.2724908,59.71194285
65.94588,111.8955,167.5025352,50.75494504
70.007,122.039,177.81778,55.35595924
68.61129,128.5547,174.2726766,58.31143105
68.80817,132.6792,174.7727518,60.18227278
69.76212,136.0632,177.1957848,61.71722936
65.45539,115.9403,166.2566906,52.58963546
68.82534,136.9041,174.8163636,62.09865518
65.8003,119.8804,167.132762,54.37683475
67.21474,109.0055,170.7254396,49.44406309
69.42021,128.2705,176.3273334,58.1825201
68.94396,135.2913,175.1176584,61.36710141
67.9415,106.8558,172.57141,48.46897557
65.62506,123.2939,166.6876524,55.92517231
66.49607,109.5143,168.9000178,49.67485089
67.92809,119.3087,172.5373486,54.11751599
68.89415,140.2402,174.991141,63.61188469
70.241,133.9841,178.41214,60.77416546
68.26623,132.5807,173.3962242,60.13759393
71.23161,130.6988,180.9282894,59.28397845
69.09747,115.5637,175.5075738,52.41881257
64.39693,123.7941,163.5682022,56.15205921
71.09585,128.1427,180.583459,58.12455099
68.21868,135.9646,173.2754472,61.67250515
65.91721,116.6273,167.4297134,52.90125341
67.4369,126.8241,171.289726,57.52644409
73.90107,151.3913,187.7087178,68.66993856
69.98149,130.4022,177.7529846,59.14944295
69.51862,136.2068,176.5772948,61.78236522
65.18437,113.3989,165.5682998,51.43687581
68.00869,125.3287,172.7420726,56.84814206
68.3384,127.5846,173.579536,57.87140109
65.18417,107.1564,165.5677918,48.60532544
68.26209,116.4588,173.3857086,52.8248231
68.56865,133.8402,174.164371,60.70889352
64.49675,112.8901,163.821745,51.20608801
68.71053,130.7568,174.5247462,59.31028681
68.89148,137.7571,174.9843592,62.48556947
69.54011,125.4036,176.6318794,56.88211613
67.39964,138.4659,171.1950856,62.80707575
66.47521,120.8184,168.8470334,54.8023044
66.01217,140.1539,167.6709118,63.57273967
72.44434,136.7397,184.0086236,62.0240846
64.12642,106.1139,162.8811068,48.13245539
70.98112,158.9562,180.2920448,72.10131948
67.50124,108.7868,171.4531496,49.34486244
72.01515,138.7758,182.918481,62.94764402
65.31143,115.9136,165.8910322,52.57752454
67.07509,146.2922,170.3707286,66.35702571
64.39148,109.8765,163.5543592,49.83914204
69.37003,139.0499,176.1998762,63.07197369
68.37921,119.9001,173.6831934,54.38577052
65.31018,128.3069,165.8878572,58.19903086
67.1369,127.2428,170.527726,57.71636322
68.39468,115.2306,173.7224872,52.26772095
66.2918,124.7975,168.381172,56.6071938
67.1866,126.9511,170.653964,57.58405032
65.99156,111.2711,167.6185624,50.47172196
69.43393,122.6089,176.3621822,55.61446153
67.97463,124.2084,172.6555602,56.33998253
67.76133,124.6453,172.1137782,56.53815704
65.27864,119.5169,165.8077456,54.21195393
73.83364,139.2983,187.5374456,63.18464603
66.81312,104.8265,169.7053248,47.54850057
66.89411,123.0424,169.9110394,55.81109383
65.73568,118.8923,166.9686272,53.92864013
65.98283,121.4939,167.5963882,55.10870604
66.58396,119.2488,169.1232584,54.09034581
67.11294,135.0239,170.4668676,61.24581081
65.87481,116.228,167.3220174,52.72013398
66.78067,109.1731,169.6229018,49.52008517
68.73577,124.2237,174.5888558,56.34692249
66.22666,141.1645,168.2157164,64.03114011
65.95968,129.1501,167.5375872,58.58149994
68.58372,127.8693,174.2026488,58.00053884
66.59347,120.9244,169.1474138,54.85038519
66.96574,127.6466,170.0929796,57.89952382
68.08015,101.4693,172.923581,46.02570027
70.19025,144.9927,178.283235,65.76758243
65.52149,110.9523,166.4245846,50.32711671
67.45905,132.8625,171.345987,60.26541626
67.40985,146.3385,171.221019,66.37802704
69.66158,145.5894,176.9404132,66.03824099
65.79799,120.8431,167.1268946,54.81350813
66.10558,115.7813,167.9081732,52.51751427
68.23987,128.3019,173.3292698,58.1967629
68.02403,127.4718,172.7810362,57.82023587
71.39044,127.8761,181.3317176,58.00362327
65.7316,121.4997,166.958264,55.11133688
66.43358,112.7148,168.7412932,51.12657327
70.01309,135.002,177.8332486,61.23587713
69.48146,128.6789,176.4829084,58.36776722
68.62764,124.4062,174.3142056,56.4297031
68.36275,140.026,173.641385,63.5147252
68.39028,117.519,173.7113112,53.30572173
68.77413,143.8737,174.6862902,65.26001256
69.9236,141.1703,177.605944,64.03377095
71.55542,155.9414,181.7507668,70.73382921
68.44764,134.0093,173.8570056,60.78559599
66.71398,130.0975,169.4535092,59.01123336
66.68413,106.2265,169.3776902,48.18352989
67.93699,112.0489,172.5599546,50.82452611
68.89855,136.1884,175.002317,61.77401912
67.29191,131.236,170.9214514,59.52764827
69.57212,131.3231,176.7131848,59.56715616
67.67479,119.5261,171.8939666,54.21612698
69.04155,116.9965,175.365537,53.06871972
67.96765,138.5255,172.637831,62.83410985
65.83982,109.6518,167.2331428,49.73721984
65.77288,130.1569,167.0631152,59.03817674
71.14106,137.1114,180.6982924,62.19268488
67.83055,113.759,172.289597,51.60021442
65.0693,114.9725,165.276022,52.15064876
69.70745,127.7149,177.056923,57.93050418
69.92983,121.9972,177.6217682,55.33699908
66.11569,117.9607,167.9338526,53.50607348
68.61364,127.7141,174.2786456,57.9301413
68.9976,117.9619,175.253904,53.50661779
66.79171,125.1554,169.6509434,56.7695345
68.02363,141.1026,172.7800202,64.00306275
69.67258,145.4822,176.9683532,65.98961589
71.82178,116.065,182.4273212,52.64619842
72.74676,135.7458,184.7767704,61.57325914
67.27951,132.9248,170.8899554,60.29367506
67.41015,115.6622,171.221781,52.46349142
68.5315,114.3184,174.07001,51.85395399
68.47126,148.952,173.9170004,67.5634907
68.51867,142.1878,174.0374218,64.49530119
63.72529,134.104,161.8622366,60.82855119
67.70483,141.8926,171.9702682,64.36140072
69.47115,138.7444,176.456721,62.93340122
66.70198,134.449,169.4230292,60.98504055
65.23126,117.0167,165.6874004,53.07788228
69.89473,115.6752,177.5326142,52.46938812
69.83048,134.7905,177.3694192,61.13994235
65.3979,120.5746,166.110666,54.69171858
68.32214,120.0835,173.5382356,54.46895936
65.93895,84.3598,167.484933,38.26496161
70.09805,138.9394,178.049047,63.02185173
66.05531,143.5245,167.7804874,65.10161811
68.23481,123.1347,173.3164174,55.8529604
65.21758,115.5261,165.6526532,52.4017575
69.16173,120.9844,175.6707942,54.87760073
67.60064,120.6473,171.7056256,54.72469474
67.28621,124.0352,170.9069734,56.26142033
66.84323,117.2238,169.7818042,53.17182126
68.08281,127.9598,172.9303374,58.04158895
66.56991,116.7527,169.0875714,52.9581339
70.16973,121.9957,178.2311142,55.33631869
67.85113,123.9952,172.3418702,56.24327664
66.62309,108.855,169.2226486,49.37579744
63.68816,104.6574,161.7679264,47.4717981
68.0356,132.248,172.810424,59.98668375
66.941,127.1834,170.03014,57.68941983
66.26292,125.1209,168.3078168,56.75388557
70.7301,133.322,179.654454,60.47384195
70.70844,122.3364,179.5994376,55.49085761
73.26872,130.2636,186.1025488,59.08657505
63.79021,116.7431,162.0271334,52.95377941
67.84109,125.8534,172.3163686,57.08614198
67.78058,100.627,172.1626732,45.64363942
67.23901,118.4945,170.7870854,53.74820109
66.75701,137.1255,169.5628054,62.19908053
69.03098,118.6991,175.3386892,53.84100609
68.52652,124.1641,174.0573608,56.31988839
64.65419,124.9442,164.2216426,56.6737358
65.14295,126.3889,165.463093,57.32904069
66.74124,121.5255,169.5227496,55.12303956
66.99923,133.2951,170.1780442,60.46164032
70.26611,127.4072,178.4759194,57.7909338
67.57666,125.08,171.6447164,56.73533364
66.30582,102.8114,168.4167828,46.63446659
68.90702,134.2212,175.0238308,60.88171221
65.60543,100.9758,166.6377922,45.80185243
68.00189,145.8886,172.7248006,66.17395583
69.93715,155.3046,177.640361,70.44498159
70.1459,138.7175,178.170586,62.92119959
66.66364,116.2611,169.3256456,52.73514789
69.40676,120.6087,176.2931704,54.70718608
66.80598,114.4083,169.6871892,51.89473194
67.70048,133.3406,171.9592192,60.48227877
69.13438,92.74955,175.6013252,42.0704882
67.53769,131.7825,171.5457326,59.7755365
65.77912,118.3865,167.0789648,53.69921311
66.25769,131.1466,168.2945326,59.48709711
67.39038,130.2033,171.1715652,59.05922343
64.94327,129.1836,164.9559058,58.59669529
69.25699,143.1445,175.9127546,64.92925301
69.07739,138.7307,175.4565706,62.927187
69.64403,130.9528,176.8958362,59.39919091
69.07705,124.3032,175.455707,56.38298309
68.01304,135.3702,172.7531216,61.40288985
68.85664,124.1988,174.8958656,56.33562804
63.19158,111.2389,160.5066132,50.45711629
65.57591,129.4037,166.5628114,58.69653097
69.12101,127.7444,175.5673654,57.94388515
69.78765,121.3311,177.260631,55.0348612
67.48203,118.2183,171.4043562,53.62291887
69.08809,123.3441,175.4837486,55.94794264
68.5529,151.9118,174.124366,68.90603339
68.21327,115.3108,173.2617058,52.30409906
67.1012,122.3844,170.437048,55.51263005
71.23661,129.2323,180.9409894,58.61878524
69.11946,138.2824,175.5634284,62.72384155
65.49848,144.0565,166.3661392,65.34292925
66.58706,120.8482,169.1311324,54.81582145
67.99831,113.3034,172.7157074,51.39355774
72.57747,149.3227,184.3467738,67.73163739
67.97585,130.6373,172.658659,59.25608252
66.62347,122.387,169.2236138,55.51380939
67.29574,133.8677,170.9311796,60.72136731
65.95951,134.8336,167.5371554,61.15949218
66.54011,137.8363,169.0118794,62.52149399
68.07723,112.6812,172.9161642,51.11133256
65.83291,121.1964,167.2155914,54.97376231
69.23721,114.9262,175.8625134,52.12964743
64.69413,110.3762,164.3230902,50.06580215
69.21372,126.0337,175.8028488,57.16792468
67.16792,118.7008,170.6065168,53.84177719
67.8467,119.3108,172.330618,54.11846854
69.27389,150.7397,175.9556806,68.37437778
67.90547,121.1142,172.4798938,54.93647702
67.076,118.4065,170.37304,53.70828496
70.01531,142.759,177.8388874,64.75439315
70.05454,145.6305,177.9385316,66.05688364
70.86714,127.3425,180.0025356,57.76158638
66.0586,115.9678,167.788844,52.60210925
65.23745,104.4441,165.703123,47.37504685
68.7413,138.4905,174.602902,62.81823412
69.51946,145.5049,176.5794284,65.99991244
70.30764,124.4065,178.5814056,56.42983918
67.29982,124.1866,170.9415428,56.33009422
67.60582,126.1659,171.7187828,57.22788959
67.85566,138.8125,172.3533764,62.96429086
66.46536,121.5515,168.8220144,55.13483296
68.92071,114.2555,175.0586034,51.82542303
68.46886,129.4022,173.9109044,58.69585058
69.5193,137.5583,176.579022,62.39539531
70.23956,134.4996,178.4084824,61.00799233
67.85651,127.7103,172.3555354,57.92841765
68.00435,115.6709,172.731049,52.46743767
67.13983,131.5906,170.5351682,59.68849212
68.09931,127.5839,172.9722474,57.87108357
68.99077,125.7211,175.2365558,57.02613171
69.32618,119.9885,176.0884972,54.42586809
70.09286,140.8676,178.0358644,63.89646854
68.74304,136.9164,174.6073216,62.10423437
64.18633,118.4759,163.0332782,53.73976427
66.09074,129.5516,167.8704796,58.76361728
69.24418,152.0714,175.8802172,68.97842674
69.66512,120.8646,176.9494048,54.82326036
68.42721,136.1027,173.8051134,61.73514626
68.28613,130.0611,173.4467702,58.99472259
69.37684,131.7743,176.2171736,59.77181704
68.35315,139.38,173.617001,63.22170453
72.32489,168.229,183.7052206,76.30739081
70.37159,127.6446,178.7438386,57.89861663
65.72927,131.8008,166.9523458,59.78383724
66.49627,122.8561,168.9005258,55.72658957
70.81339,140.2133,179.8660106,63.59968305
67.37579,142.6929,171.1345066,64.72441069
67.79709,137.4299,172.2046086,62.33715405
68.1607,126.0392,173.128178,57.17041944
68.85782,143.5985,174.8988628,65.13518394
67.71342,122.62,171.9920868,55.61949641
64.66007,108.6044,164.2365778,49.26212719
65.73721,100.6617,166.9725134,45.65937907
68.42441,116.1397,173.7980014,52.68008177
68.88946,140.5293,174.9792284,63.74301824
68.27367,125.6907,173.4151218,57.0123425
69.18045,134.3329,175.718343,60.93237848
72.60996,136.4649,184.4292984,61.89943741
66.04157,127.8822,167.7455878,58.00639018
69.2288,123.1361,175.841152,55.85359543
68.87697,116.3375,174.9475038,52.76980234
66.46042,124.5581,168.8094668,56.49860378
69.30444,125.7853,176.0332776,57.05525234
67.58249,107.5905,171.6595246,48.80222988
69.41816,143.0236,176.3221264,64.87441369
67.46867,118.7434,171.3704218,53.86110023
66.44873,118.9856,168.7797742,53.9709603
68.76185,131.8744,174.655099,59.81722164
63.76881,119.3691,161.9727774,54.14491297
69.03663,126.1223,175.3530402,57.20811297
66.48966,126.6122,168.8837364,57.43032787
66.74224,113.5597,169.5252896,51.50981346
67.69394,115.8413,171.9426076,52.54472981
66.69066,130.2738,169.3942764,59.09120169
67.02877,125.4542,170.2530758,56.9050679
65.91096,117.1655,167.4138384,53.14537683
70.0304,137.3184,177.877216,62.2865785
69.26978,149.4447,175.9452412,67.78697566
70.07695,151.0695,177.995453,68.52397254
64.90942,116.9994,164.8699268,53.07003513
69.68744,138.1787,177.0060976,62.67680402
67.56524,127.621,171.6157096,57.88791185
63.85529,120.7514,162.1924366,54.77191371
71.6189,144.2537,181.912006,65.43237766
64.98993,105.7939,165.0744222,47.98730583
64.60759,120.1567,164.1032786,54.50216232
62.01666,109.0848,157.5223164,49.48003296
65.28516,125.971,165.8243064,57.13948444
67.70163,110.2325,171.9621402,50.00062093
70.85794,134.4706,179.9791676,60.99483815
68.17075,115.5067,173.153705,52.3929578
67.45006,125.1086,171.3231524,56.74830638
71.04224,116.4113,180.4472896,52.80327746
67.83032,133.3944,172.2890128,60.50668204
67.15488,108.7478,170.5733952,49.32717233
68.30289,134.3986,173.4893406,60.9621795
65.41208,131.2085,166.1466832,59.51517448
68.66755,130.8318,174.415577,59.34430623
70.06733,127.0838,177.9710182,57.64424203
69.13413,119.4067,175.6006902,54.16196805
67.02078,105.5616,170.2327812,47.88193632
65.52274,134.4733,166.4277596,60.99606285
70.19808,132.6897,178.3031232,60.1870355
67.66866,126.058,171.8783964,57.17894698
69.73257,126.3532,177.1207278,57.31284745
67.61719,142.3603,171.7476626,64.57354587
70.79589,124.5873,179.8215606,56.51184868
69.65804,122.3604,176.9314216,55.50174383
66.73277,123.2298,169.5012358,55.89609704
67.58008,131.4049,171.6534032,59.60426002
65.25317,124.3037,165.7430518,56.38320988
70.71387,128.3836,179.6132298,58.23382139
71.27374,136.853,181.0352996,62.07547661
66.55913,118.0569,169.0601902,53.54970907
68.04247,121.4969,172.8278738,55.11006682
68.11699,119.2811,173.0171546,54.10499685
71.2367,126.5545,180.941218,57.40415559
66.92387,129.2477,169.9866298,58.62577056
71.10381,134.7804,180.6036774,61.13536107
69.41466,146.0725,176.3132364,66.25737147
69.16807,162.4109,175.6868978,73.66834504
68.57725,130.1885,174.186215,59.05251026
69.60315,132.1941,176.792001,59.96223512
69.05087,127.4591,175.3892098,57.81447525
68.28699,125.3466,173.4489546,56.85626137
69.25276,134.7559,175.9020104,61.12424805
68.23862,121.9395,173.3260948,55.3108268
67.6868,125.6688,171.924472,57.00240883
68.84083,145.956,174.8557082,66.20452796
69.52061,119.9207,176.5823494,54.39511453
66.97668,111.5093,170.1207672,50.57976766
72.0053,138.676,182.893462,62.9023755
67.44482,135.0151,171.3098428,61.24181919
66.06214,116.509,167.7978356,52.84759344
65.5747,123.9575,166.559738,56.2261762
68.30171,136.952,173.4863434,62.12038226
71.02603,153.0797,180.4061162,69.43578392
70.76882,126.357,179.7528028,57.3145711
67.50812,145.0614,171.4706248,65.79874422
69.50936,135.1739,176.5537744,61.31384966
66.4455,108.806,168.77157,49.35357141
68.5689,110.5155,174.165006,50.12898757
67.01296,138.2685,170.2129184,62.71753661
68.70004,119.5111,174.4981016,54.20932309
68.23013,115.3214,173.3045302,52.30890714
70.40713,132.3684,178.8341102,60.04129627
65.69989,93.99438,166.8777206,42.63513359
65.7031,127.4051,166.885874,57.78998126
68.48055,134.3024,173.940597,60.91854391
66.62891,124.9721,169.2374314,56.68639102
66.84285,124.072,169.780839,56.27811253
69.89734,133.5476,177.5392436,60.57617239
67.6543,134.1509,171.841922,60.84982467
68.30917,130.2489,173.5052918,59.07990724
69.74848,138.0935,177.1611392,62.63815795
68.57906,126.6064,174.1908124,57.42769703
68.14477,131.8076,173.0877158,59.78692167
67.98093,131.7363,172.6715622,59.75458053
64.82535,117.6261,164.656389,53.35430147
69.20785,126.1943,175.787939,57.24077162
69.2656,127.5132,175.934624,57.83901459
70.9403,142.4785,180.188362,64.62716049
69.07826,139.444,175.4587804,63.25073444
66.20183,110.3204,168.1526482,50.0404917
71.05779,131.9541,180.4867866,59.85337295
68.99493,129.2037,175.2471222,58.6058125
70.96089,124.3513,180.2406606,56.40480088
66.02496,126.5251,167.7033984,57.39081997
69.8641,149.2303,177.454814,67.68972545
66.82802,142.1577,169.7431708,64.48164806
69.09424,127.1436,175.4993696,57.67136685
66.81425,122.3353,169.708195,55.49035866
67.13183,112.6659,170.5148482,51.1043926
64.57428,134.2647,164.0186712,60.90144348
68.68038,120.6936,174.4481652,54.74569607
67.53724,115.783,171.5445896,52.51828538
71.17732,128.6855,180.7903928,58.37076093
70.53514,134.7611,179.1592556,61.12660673
71.53411,118.3419,181.6966394,53.67898289
66.77301,106.1557,169.6034454,48.15141555
66.33636,126.3823,168.4943544,57.32604698
64.83095,114.3716,164.670613,51.8780851
68.38247,130.2787,173.6914738,59.09342429
68.05038,123.3066,172.8479652,55.93093293
69.09149,122.8571,175.4923846,55.72704316
69.91046,125.6932,177.5725684,57.01347648
68.40737,111.7247,173.7547198,50.67747146
68.32559,125.5516,173.5469986,56.9492478
66.95555,119.9702,170.067097,54.41756735
70.54816,132.6043,179.1923264,60.14829871
69.37805,132.6738,176.220247,60.17982338
67.52012,117.4521,171.5011048,53.2753764
64.87142,101.8549,164.7734068,46.20060549
69.13396,128.4418,175.6002584,58.26022047
68.81192,134.0414,174.7822768,60.8001563
67.56446,127.7511,171.6137284,57.94692422
68.16772,127.6172,173.1460088,57.8861882
65.80687,139.3971,167.1494498,63.22946096
64.92276,113.9381,164.9038104,51.68145281
68.35584,147.5188,173.6238336,66.91340211
66.71546,132.6523,169.4572684,60.17007114
69.18196,132.8139,175.7221784,60.24337167
65.88795,105.0942,167.355393,47.66992725
66.03733,127.5187,167.7348182,57.84150935
69.44194,130.7305,176.3825276,59.29835733
67.14847,128.5815,170.5571138,58.32358732
65.69442,122.5699,166.8638268,55.59677143
69.42723,157.2961,176.3451642,71.34831079
66.54503,121.1097,169.0243762,54.93443585
69.04469,147.5061,175.3735126,66.90764149
67.62036,117.493,171.7557144,53.29392833
69.59105,132.4472,176.761267,60.07703935
68.12343,118.1774,173.0335122,53.60436695
71.22641,123.7319,180.9150814,56.12384577
66.43285,130.365,168.739439,59.13256932
66.31808,122.8882,168.4479232,55.74114988
68.02724,107.8693,172.7891896,48.92869144
68.2876,118.591,173.450504,53.79197275
66.91609,125.6467,169.9668686,56.99238444
71.77546,148.6016,182.3096684,67.40455193
66.04535,150.279,167.755189,68.16540777
69.01455,127.0678,175.296957,57.63698455
68.70744,128.7122,174.5168976,58.38287185
65.012,118.4233,165.13048,53.71590531
66.05857,125.3879,167.7887678,56.87499473
71.16403,149.2676,180.7566362,67.70664445
67.55274,107.3484,171.5839596,48.69241517
68.83455,133.6992,174.839757,60.644937
68.11811,124.8508,173.0199994,56.63137027
67.90528,112.7028,172.4794112,51.12113016
67.64085,127.8407,171.807759,57.9875661
69.78282,134.1615,177.2483628,60.85463275
67.99889,138.6031,172.7171806,62.86930862
69.41465,126.044,176.313211,57.17259668
70.42989,129.5856,178.8919206,58.77903942
67.67519,134.1054,171.8949826,60.82918622
67.88036,106.1251,172.4161144,48.13753563
68.06905,127.0561,172.895387,57.63167752
66.99435,121.9241,170.165649,55.30384148
71.57689,150.7365,181.8053006,68.37292628
64.36564,116.0061,163.4887256,52.61948183
67.93011,125.4748,172.5424794,56.91441191
69.91863,131.6099,177.5933202,59.69724646
69.93864,129.0696,177.6441456,58.54498576
66.79766,129.1117,169.6660564,58.564082
70.11119,148.1624,178.0824226,67.20533416
68.94814,105.388,175.1282756,47.80319269
68.02886,110.5447,172.7933044,50.14223246
69.36148,118.6402,176.1781592,53.8142895
68.44886,122.8151,173.8601044,55.70799228
65.70282,124.887,166.8851628,56.64779031
69.55674,135.7695,176.6741196,61.58400928
65.84635,116.4563,167.249729,52.82368912
68.79983,125.3617,174.7515682,56.86311061
69.03835,133.122,175.357409,60.38312348
67.36352,138.3328,171.1033408,62.7467026
70.35788,124.4972,178.7090152,56.47098001
69.88828,136.7205,177.5162312,62.01537562
65.15319,115.0153,165.4891026,52.17006251
69.40907,132.6366,176.2990378,60.16294974
68.50874,143.1323,174.0121996,64.92371918
65.71552,134.7422,166.9174208,61.11803384
63.98308,122.6246,162.5170232,55.62158293
70.07685,153.5634,177.995199,69.65518655
68.42542,126.289,173.8005668,57.28372681
68.23665,134.7206,173.321091,61.10823624
67.82856,134.5987,172.2845424,61.05294333
66.31277,118.3945,168.4344358,53.70284185
69.75128,121.2997,177.1682512,55.0206184
65.70901,132.2844,166.9008854,60.00319451
66.88227,139.0617,169.8809658,63.07732608
67.2791,110.698,170.888914,50.21176817
70.63357,154.1073,179.4092678,69.90189544
69.9377,124.1592,177.641758,56.31766579
65.87671,134.5173,167.3268434,61.01602091
72.44694,138.2622,184.0152276,62.71467898
70.07052,149.0801,177.9791208,67.62159588
67.68486,127.0075,171.9195444,57.60963293
66.1151,117.8222,167.932354,53.44325094
69.94355,148.9096,177.656617,67.54425838
68.24317,128.2151,173.3376518,58.15739108
68.80144,129.6944,174.7556576,58.82839027
66.61818,125.5674,169.2101772,56.95641456
70.18701,128.7947,178.2750054,58.42029322
65.58971,124.187,166.5978634,56.33027565
68.69566,151.4167,174.4869764,68.68145981
64.88639,106.9803,164.8114306,48.52544782
69.81993,145.6221,177.3426222,66.05307346
66.33962,121.5926,168.5026348,55.15347561
70.4434,130.9386,178.926236,59.3927499
69.99163,135.6203,177.7787402,61.5163333
70.13617,123.9315,178.1458718,56.2143828
67.1793,131.9955,170.635422,59.87215167
68.2034,117.484,173.236636,53.289846
67.76121,129.6577,172.1134734,58.81174343
64.79753,122.3706,164.5857262,55.50637047
66.47871,114.5867,168.8559234,51.97565282
66.98337,116.5401,170.1377598,52.86170016
65.69991,139.4307,166.8777714,63.24470166
66.82705,123.4822,169.740707,56.01058375
66.35141,132.5492,168.5325814,60.12330577
70.13491,143.4013,178.1426714,65.04573553
70.11565,132.9429,178.093751,60.30188509
64.56145,98.8972,163.986083,44.85901533
68.15724,122.4342,173.1193896,55.53521895
67.1475,104.6767,170.55465,47.48055244
70.88927,142.7847,180.0587458,64.76605047
68.16218,130.9283,173.1319372,59.3880779
71.19657,143.827,180.8392878,65.2388298
67.92444,142.2832,172.5280776,64.5385739
65.30204,107.9441,165.8671816,48.96262015
66.40756,105.6891,168.6752024,47.93976935
71.30647,125.4007,181.1184338,56.88080071
69.05997,106.4195,175.4123238,48.27107322
65.95442,118.5371,167.5242268,53.76752412
69.63776,136.7836,176.8799104,62.0439973
71.10495,145.9328,180.606573,66.19400461
66.21851,129.637,168.1950154,58.80235407
66.13469,108.4955,167.9821126,49.21273098
67.7851,121.2537,172.174154,54.99975315
66.67737,135.7399,169.3605198,61.57058294
69.99408,137.5026,177.7849632,62.37013022
71.1441,124.0052,180.706014,56.24781256
68.63927,128.8613,174.3437458,58.45050247
69.08548,133.6811,175.4771192,60.63672697
67.97389,106.5185,172.6536806,48.31597886
65.94809,113.0398,167.5081486,51.27399079
66.02102,125.9639,167.6933908,57.13626394
71.23576,140.2945,180.9388304,63.63651475
67.52674,143.229,171.5179196,64.96758156
71.06935,145.8063,180.516149,66.13662518
68.27178,128.1697,173.4103212,58.13679799
67.31932,134.1839,170.9910728,60.86479322
68.98848,140.2166,175.2307392,63.60117991
68.404,146.3453,173.74616,66.38111147
67.092,132.0784,170.41368,59.90975448
66.76866,122.13,169.5923964,55.39723615
65.64636,131.4693,166.7417544,59.63347137
65.34105,129.5167,165.966267,58.74778691
68.18299,125.7451,173.1847946,57.03701792
70.65924,153.1384,179.4744696,69.46240979
65.94401,124.5559,167.4977854,56.49760588
69.62792,134.8225,176.8549168,61.1544573
68.29965,115.3877,173.481111,52.33898031
70.06075,117.9618,177.954305,53.50657243
68.43602,124.5647,173.8274908,56.50159749
69.27012,134.4043,175.9461048,60.96476498
67.70511,129.3092,171.9709794,58.65366649
70.89315,133.1423,180.068601,60.3923314
70.54313,147.3609,179.1795502,66.84177988
71.58086,155.0132,181.8153844,70.31280477
68.42301,126.2905,173.7944454,57.2844072
69.35781,134.4605,176.1688374,60.99025687
70.445,134.0296,178.9303,60.79480391
67.38153,128.9248,171.1490862,58.47930558
67.50767,123.0543,171.4694818,55.81649158
68.52054,112.1788,174.0421716,50.88344776
66.80858,111.7443,169.6937932,50.68636187
72.38532,148.4615,183.8587128,67.34100364
68.51642,136.7459,174.0317068,62.02689687
70.79791,133.2068,179.8266914,60.42158811
66.21905,116.8855,168.196387,53.01837096
68.31167,124.8542,173.5116418,56.63291248
67.1715,121.5809,170.61561,55.14816858
67.7714,123.197,172.139356,55.88121921
67.47328,137.1255,171.3821312,62.19908053
67.77463,121.4941,172.1475602,55.10879676
69.20099,150.9398,175.7705146,68.46514161
70.04297,142.3009,177.9091438,64.54660248
70.56979,134.7527,179.2472666,61.12279656
66.45379,133.5585,168.7926266,60.58111655
67.68132,136.0895,171.9105528,61.72915884
65.75638,95.20216,167.0212052,43.18297338
69.3549,119.7404,176.161446,54.31333182
70.5902,152.9146,179.299108,69.36089582
67.27626,140.1991,170.8817004,63.59324204
68.48853,145.2503,173.9608662,65.88442782
67.02188,119.4855,170.2355752,54.19771113
65.77613,123.512,167.0713702,56.0241008
65.96579,110.6754,167.5531066,50.20151699
68.18868,111.4951,173.1992472,50.57332665
72.08595,139.4849,183.098313,63.26928637
66.85358,133.088,169.8080932,60.36770134
69.10929,133.5196,175.5375966,60.56347181
64.5909,112.7698,164.060886,51.15152085
67.03849,124.7975,170.2777646,56.6071938
68.99156,123.4224,175.2385624,55.98345893
70.59872,142.0921,179.3207488,64.4518924
70.08988,116.2814,178.0282952,52.74435581
65.6844,131.1256,166.838376,59.47757167
67.0982,131.2493,170.429428,59.53368105
66.03932,127.2422,167.7398728,57.71609106
69.26423,122.4523,175.9311442,55.54342897
66.61351,115.2431,169.1983154,52.27339086
68.11738,126.9532,173.0181452,57.58500287
69.73059,143.4439,177.1156986,65.06505856
64.02042,125.377,162.6118668,56.87005057
66.23753,109.0095,168.2433262,49.44587746
72.46761,139.2411,184.0677294,63.15870055
66.21938,102.182,168.1972252,46.34897555
71.2978,144.3898,181.096412,65.49411159
63.1255,83.08527,160.33877,37.68684453
70.93034,145.3938,180.1630636,65.94951833
68.25489,134.9267,173.3674206,61.20172163
64.78014,134.678,164.5415556,61.08891321
65.42982,111.4963,166.1917428,50.57387096
68.91361,119.7951,175.0405694,54.33814332
64.96937,95.70426,165.0221998,43.41072211
66.15237,117.159,168.0270198,53.14242848
65.98386,127.2356,167.5990044,57.71309735
69.2435,144.9205,175.87849,65.73483306
68.31982,122.8464,173.5323428,55.72218972
70.11607,134.19,178.0948178,60.86756013
68.63521,124.9776,174.3334334,56.68888578
67.74289,135.8441,172.0669406,61.61784727
64.58641,120.8222,164.0494814,54.80402805
64.66165,125.0174,164.240591,56.70693876
65.90771,133.5474,167.4055834,60.57608167
65.77649,124.5583,167.0722846,56.4986945
67.1506,135.9691,170.562524,61.67454632
72.24339,143.5738,183.4982106,65.12398021
68.73199,130.5725,174.5792546,59.22668973
67.57019,127.192,171.6282826,57.69332073
70.36234,141.2372,178.7203436,64.06411628
63.62233,107.4236,161.6007182,48.72652532
66.20711,122.3234,168.1660594,55.48496091
66.22114,111.6055,168.2016956,50.62340325
70.0722,137.8915,177.983388,62.54653229
69.6563,142.8742,176.927002,64.80664699
66.25043,114.4349,168.2760922,51.9067975
68.0704,128.2736,172.898816,58.18392623
67.14808,134.5725,170.5561232,61.04105921
68.76609,140.1034,174.6658686,63.54983325
68.12075,121.977,173.026705,55.32783652
65.72987,111.4248,166.9538698,50.54143911
69.17439,135.0756,175.7029506,61.26926153
70.36351,132.9826,178.7233154,60.3198927
70.78557,117.7566,179.7953478,53.41349528
70.88083,134.9877,180.0373082,61.22939076
66.62148,151.6121,169.2185592,68.77009176
69.9829,128.9287,177.756566,58.48107459
66.92866,120.1575,169.9987964,54.5025252
71.45806,125.6007,181.5034724,56.97151919
69.66344,127.8292,176.9451376,57.98234978
69.30943,136.1354,176.0459522,61.74997873
66.59775,116.2841,169.158285,52.74558051
64.20209,127.0777,163.0733086,57.64147512
68.23051,125.7165,173.3054954,57.02404518
70.09021,121.0749,178.0291334,54.91865084
70.9755,122.7382,180.27777,55.67311103
64.93134,119.4545,164.9256036,54.18364976
66.90106,132.9048,169.9286924,60.28460322
69.19803,132.8687,175.7629962,60.26822853
68.4149,124.3486,173.773846,56.40357618
66.3163,132.2198,168.443402,59.97389244
72.13467,142.804,183.2220618,64.77480481
65.74613,129.605,166.9951702,58.78783911
69.96677,128.5326,177.7155958,58.30140666
65.11417,112.9919,165.3899918,51.25226371
67.43294,122.0795,171.2796676,55.37432973
66.39785,118.396,168.650539,53.70352224
67.18769,130.1299,170.6567326,59.02592975
67.68597,111.6824,171.9223638,50.6582845
67.77469,142.2452,172.1477126,64.52133739
63.62937,122.6049,161.6185998,55.61264716
66.447,122.8198,168.77538,55.71012416
71.9233,119.1123,182.685182,54.02843045
67.92214,139.4335,172.5222356,63.24597172
68.01143,141.3353,172.7490322,64.10861369
67.76524,119.787,172.1237096,54.33446923
69.19791,136.326,175.7626914,61.83643343
67.00109,118.4099,170.1827686,53.70982717
67.09659,137.692,170.4253386,62.45604061
69.85144,129.078,177.4226576,58.54879593
67.42782,123.4642,171.2666628,56.00241909
68.1104,115.4311,173.000416,52.35866622
68.29433,129.931,173.4675982,58.93571023
69.45176,135.9563,176.4074704,61.66874033
69.08219,127.8134,175.4687626,57.97518302
70.91753,139.1014,180.1305262,63.0953337
64.20566,109.2132,163.0823764,49.53827422
71.10315,124.6154,180.602001,56.52459462
72.08523,136.221,183.0964842,61.78880623
66.15119,120.4722,168.0240226,54.64527072
67.52898,116.1659,171.5236092,52.69196589
67.17586,115.5093,170.6266844,52.39413714
72.92955,141.9961,185.241057,64.40834753
65.54112,135.4869,166.4744448,61.45582407
69.08487,135.1305,175.4755698,61.29416375
65.28991,108.2494,165.8363714,49.1011019
68.53447,125.1277,174.0775538,56.75697
71.32802,142.8947,181.1731708,64.81594563
66.88095,128.2978,169.877613,58.19490317
67.91196,128.268,172.4963784,58.18138612
67.00238,103.5665,170.1860452,46.97697419
68.27584,156.1069,173.4206336,70.80889874
66.20276,104.9661,168.1550104,47.61182207
64.24214,121.6365,163.1750356,55.17338831
67.43738,132.0066,171.2909452,59.87718655
64.50081,118.4079,163.8320574,53.70891999
68.89607,135.3898,174.9960178,61.41178026
70.32908,140.6633,178.6358632,63.80379962
64.31742,111.6703,163.3662468,50.65279604
67.11253,128.0328,170.4658262,58.07470119
68.01206,130.4737,172.7506324,59.18187481
68.25267,128.2127,173.3617818,58.15630246
67.76873,142.8202,172.1325742,64.782153
67.44291,123.0804,171.3049914,55.82833034
65.73581,117.8771,166.9689574,53.46815316
69.64372,130.9274,176.8950488,59.38766966
71.92818,129.1735,182.6975772,58.59211401
69.39435,144.5784,176.261649,65.57965911
67.14717,115.8635,170.5538118,52.55479956
69.1469,116.5322,175.633126,52.85811678
66.90594,141.9947,169.9410876,64.4077125
67.838,132.1304,172.30852,59.93334129
68.09614,135.2607,172.9641956,61.35322148
66.14093,127.0684,167.9979622,57.63725671
71.16386,129.844,180.7562044,58.89624769
67.55757,134.5066,171.5962278,61.01116747
70.01279,121.3609,177.8324866,55.04837826
72.56431,143.1486,184.3133474,64.93111274
66.60224,124.7741,169.1696896,56.59657973
68.51802,120.1546,174.0357708,54.50120978
66.34638,139.4163,168.5198052,63.23816993
69.02692,131.6743,175.3283768,59.72645781
69.12446,131.07,175.5761284,59.45235194
68.24578,129.8914,173.3442812,58.91774797
68.4869,123.344,173.956726,55.94789729
70.68261,137.5314,179.5338294,62.38319368
70.35969,136.8886,178.7136126,62.0916245
67.62401,118.4024,171.7649854,53.70642523
69.4463,116.2441,176.393602,52.72743682
67.92486,124.8433,172.5291444,56.62796833
68.39347,120.9809,173.7194138,54.87601316
66.31812,105.1208,168.4480248,47.68199281
71.22882,145.4377,180.9212028,65.96943103
65.29169,108.1912,165.8408926,49.07470282
66.00287,130.3778,167.6472898,59.1383753
67.61775,117.5157,171.749085,53.30422488
69.10276,135.8762,175.5210104,61.63240758
68.99743,127.5126,175.2534722,57.83874244
69.07531,151.3998,175.4512874,68.6737941
68.34086,112.4799,173.5857844,51.02002442
71.68196,156.7554,182.0721784,71.1030534
68.77664,138.2098,174.6926656,62.69091074
66.18191,109.5685,168.1020514,49.69943559
72.37092,139.9742,183.8221368,63.49122912
66.85155,124.5873,169.802937,56.51184868
65.75688,130.5023,167.0224752,59.19484755
69.69245,151.0783,177.018823,68.52796415
66.27915,108.7722,168.349041,49.33823999
66.47752,105.9927,168.8529008,48.07748
68.71912,143.4301,174.5465648,65.05879899
68.29244,114.7434,173.4627976,52.04673075
67.66696,123.7736,171.8740784,56.14276057
71.29885,139.4769,181.099079,63.26565763
67.07369,115.8201,170.3671726,52.53511365
70.68048,146.5682,179.5284192,66.4822172
71.40114,153.9993,181.3588956,69.85290747
71.00392,137.5899,180.3499568,62.40972883
66.2799,125.9287,168.350946,57.12029748
68.05383,139.6939,172.8567282,63.36408718
64.16346,126.3585,162.9751884,57.31525148
66.87966,113.9307,169.8743364,51.67809623
70.52968,129.7605,179.1453872,58.85837273
65.45595,116.1925,166.258113,52.70403145
69.11331,139.1294,175.5478074,63.10803428
67.94221,126.9815,172.5732134,57.59783953
67.2132,125.8352,170.721528,57.0778866
67.6372,113.524,171.798488,51.49362021
70.09365,123.2372,178.037871,55.89945362
64.41354,123.0554,163.6103916,55.81699053
69.77698,128.133,177.2335292,58.12015115
66.58181,127.9357,169.1177974,58.03065737
68.14995,110.4678,173.100873,50.10735121
66.18165,127.9364,168.101391,58.03097489
66.79412,118.1678,169.6570648,53.60001246
67.1657,129.7243,170.600878,58.84195268
68.01904,130.6094,172.7683616,59.24342729
66.95837,105.0414,170.0742598,47.64597757
68.70397,122.6299,174.5080838,55.62398697
69.68057,138.3259,176.9886478,62.74357281
66.52793,107.7381,168.9809422,48.86918012
66.46981,141.4417,168.8333174,64.15687592
71.44643,153.6966,181.4739322,69.71560505
66.62648,134.5551,169.2312592,61.0331667
64.01015,109.6593,162.585781,49.74062178
65.03312,117.2029,165.1841248,53.16234118
66.77216,124.2843,169.6012864,56.37441019
68.91932,125.2193,175.0550728,56.79851906
71.22926,133.2256,180.9223204,60.43011565
71.10332,122.6042,180.6024328,55.61232965
69.80699,134.8652,177.3097546,61.1738257
67.09127,111.4506,170.4118258,50.55314179
67.27958,116.8458,170.8901332,53.00036335
71.86593,143.1527,182.5394622,64.93297246
67.20197,99.92383,170.6930038,45.32468687
68.44108,127.9232,173.8403432,58.02498747
67.20278,136.658,170.6950612,61.9870261
69.36588,145.3947,176.1893352,65.94992656
69.0416,126.6818,175.365664,57.4618979
65.9056,128.1983,167.400224,58.14977073
66.44766,122.8328,168.7770564,55.71602087
66.08009,133.2571,167.8434286,60.44440381
69.35367,116.7606,176.1583218,52.96171728
70.83359,144.0455,179.9173186,65.33793973
67.664,132.5153,171.86656,60.10792899
65.30966,123.9832,165.8865364,56.23783353
66.66817,113.1423,169.3371518,51.320484
66.93271,123.9512,170.0090834,56.22331857
67.73938,133.9787,172.0580252,60.77171606
64.27722,128.1519,163.2641388,58.12872404
66.83442,121.2878,169.7594268,55.01522065
65.89728,122.7107,167.3790912,55.66063724
67.6564,125.4136,171.847256,56.88665205
68.68966,124.8761,174.4717364,56.64284616
66.08003,116.5903,167.8432762,52.8844705
66.91344,129.889,169.9601376,58.91665935
69.48392,123.889,176.4891568,56.19510513
68.60001,137.6571,174.2440254,62.44021024
69.21225,130.8805,175.799115,59.36639618
67.63342,141.9706,171.7888868,64.39678092
65.73405,125.7334,166.964487,57.03171089
66.09947,104.4108,167.8926538,47.35994223
67.65293,117.0685,171.8384422,53.10137837
67.59619,131.7669,171.6943226,59.76846046
69.57859,125.4738,176.7296186,56.91395831
66.08879,129.5734,167.8655266,58.77350559
